year,date,stage,is_knockout,home_team,away_team,home_goals,away_goals,outcome,home_win_rate,home_goals_scored_avg,home_goals_conceded_avg,home_matches_played,away_win_rate,away_goals_scored_avg,away_goals_conceded_avg,away_matches_played,h2h_home_win_rate,h2h_matches,goal_diff_avg,win_rate_diff
1990,1990-06-08 18:00:00,Group B,0,Argentina,Cameroon,0.0,1.0,away_win,0.2,0.65,1.0,20,0.6,1.2,0.8,20,0.0,1,-0.7499999999999999,-0.39999999999999997
1990,1990-06-09 17:00:00,Group B,0,Russia,Romania,0.0,2.0,away_win,0.55,1.35,0.8,20,0.55,1.65,0.85,20,0.5,8,-0.2499999999999999,0.0
1990,1990-06-09 17:00:00,Group D,0,"rn"">United Arab Emirates",Colombia,0.0,2.0,away_win,0.5,1.0,1.0,0,0.35,0.95,0.85,20,0.5,0,-0.09999999999999998,0.15000000000000002
1990,1990-06-09 21:00:00,Group A,0,Italy,Austria,1.0,0.0,home_win,0.6,1.1,0.3,20,0.35,1.25,1.35,20,0.8,10,0.9000000000000001,0.25
1990,1990-06-10 17:00:00,Group A,0,USA,Czech Republic,1.0,5.0,away_win,0.45,1.3,1.3,20,0.55,1.65,0.85,20,0.0,2,-0.7999999999999999,-0.10000000000000003
1990,1990-06-10 21:00:00,Group C,0,Brazil,Sweden,2.0,1.0,home_win,0.65,1.65,0.45,20,0.5,1.65,1.15,20,0.6,10,0.7,0.15000000000000002
1990,1990-06-10 21:00:00,Group D,0,Germany FR,Serbia,4.0,1.0,home_win,0.5,1.0,1.0,0,0.45,1.45,1.0,20,0.5,0,-0.44999999999999996,0.04999999999999999
1990,1990-06-11 17:00:00,Group C,0,Costa Rica,Scotland,1.0,0.0,home_win,0.4,1.1,1.15,20,0.35,0.95,1.2,20,1.0,1,0.20000000000000018,0.050000000000000044
1990,1990-06-11 21:00:00,Group F,0,England,"rn"">Republic of Ireland",1.0,1.0,draw,0.5,1.4,0.5,20,0.5,1.0,1.0,0,0.5,0,0.8999999999999999,0.0
1990,1990-06-12 17:00:00,Group E,0,Belgium,South Korea,2.0,0.0,home_win,0.5,1.7,0.75,20,0.55,1.9,0.65,20,1.0,1,-0.30000000000000004,-0.050000000000000044
1990,1990-06-12 21:00:00,Group F,0,Netherlands,Egypt,1.0,1.0,draw,0.55,1.4,0.7,20,0.3,0.7,0.85,20,0.0,3,0.85,0.25000000000000006
1990,1990-06-13 17:00:00,Group E,0,Uruguay,Spain,0.0,0.0,draw,0.5,1.45,0.65,20,0.55,1.65,0.8,20,0.0,5,-0.04999999999999993,-0.050000000000000044
1990,1990-06-13 21:00:00,Group B,0,Argentina,Russia,2.0,0.0,home_win,0.25,0.7,0.8,20,0.5,1.25,0.9,20,0.3,10,-0.45000000000000007,-0.25
1990,1990-06-14 17:00:00,Group B,0,Cameroon,Romania,2.0,1.0,home_win,0.6,1.2,0.85,20,0.5,1.55,0.95,20,1.0,1,-0.2500000000000001,0.09999999999999998
1990,1990-06-14 17:00:00,Group D,0,Serbia,Colombia,1.0,0.0,home_win,0.45,1.4,0.95,20,0.3,0.75,0.8,20,1.0,3,0.5,0.15000000000000002
1990,1990-06-14 21:00:00,Group A,0,Italy,USA,1.0,0.0,home_win,0.6,1.1,0.3,20,0.45,1.25,1.25,20,0.75,4,0.8,0.14999999999999997
1990,1990-06-15 17:00:00,Group A,0,Austria,Czech Republic,0.0,1.0,away_win,0.35,1.25,1.4,20,0.55,1.65,0.85,20,0.2,10,-0.9499999999999998,-0.20000000000000007
1990,1990-06-15 21:00:00,Group D,0,Germany FR,"rn"">United Arab Emirates",5.0,1.0,home_win,0.5,1.0,1.0,0,0.5,1.0,1.0,0,0.5,0,0.0,0.0
1990,1990-06-16 17:00:00,Group C,0,Brazil,Costa Rica,1.0,0.0,home_win,0.7,1.7,0.4,20,0.4,1.1,1.15,20,0.75,4,1.3499999999999996,0.29999999999999993
1990,1990-06-16 21:00:00,Group C,0,Sweden,Scotland,1.0,2.0,away_win,0.5,1.65,1.15,20,0.4,1.05,1.25,20,0.2857142857142857,7,0.7,0.09999999999999998
1990,1990-06-16 21:00:00,Group F,0,England,Netherlands,0.0,0.0,draw,0.45,1.35,0.5,20,0.5,1.25,0.65,20,0.4,10,0.2500000000000001,-0.04999999999999999
1990,1990-06-17 17:00:00,Group F,0,"rn"">Republic of Ireland",Egypt,0.0,0.0,draw,0.5,1.0,1.0,0,0.25,0.65,0.85,20,0.5,0,0.19999999999999996,0.25
1990,1990-06-17 21:00:00,Group E,0,South Korea,Spain,1.0,3.0,away_win,0.5,1.8,0.8,20,0.6,1.75,0.8,20,0.0,1,0.050000000000000044,-0.09999999999999998
1990,1990-06-17 21:00:00,Group E,0,Belgium,Uruguay,3.0,1.0,home_win,0.5,1.7,0.8,20,0.5,1.5,0.75,20,1.0,2,0.1499999999999999,0.0
1990,1990-06-18 21:00:00,Group B,0,Argentina,Romania,1.0,1.0,draw,0.2,0.65,0.85,20,0.45,1.45,0.95,20,0.75,4,-0.7,-0.25
1990,1990-06-18 21:00:00,Group B,0,Cameroon,Russia,0.0,4.0,away_win,0.6,1.2,1.0,20,0.5,1.35,0.9,20,0.0,1,-0.2500000000000001,0.09999999999999998
1990,1990-06-19 17:00:00,Group D,0,Germany FR,Colombia,1.0,1.0,draw,0.5,1.0,1.0,0,0.3,0.8,0.8,20,0.5,0,0.0,0.2
1990,1990-06-19 17:00:00,Group D,0,Serbia,"rn"">United Arab Emirates",4.0,1.0,home_win,0.5,1.55,0.95,20,0.5,1.0,1.0,0,0.5,0,0.6000000000000001,0.0
1990,1990-06-19 21:00:00,Group A,0,Italy,Czech Republic,2.0,0.0,home_win,0.6,1.1,0.3,20,0.55,1.6,0.9,20,0.2,10,0.09999999999999998,0.04999999999999993
1990,1990-06-19 21:00:00,Group A,0,Austria,USA,2.0,1.0,home_win,0.4,1.25,1.25,20,0.4,1.25,1.35,20,1.0,1,0.10000000000000009,0.0
1990,1990-06-20 21:00:00,Group C,0,Brazil,Scotland,1.0,0.0,home_win,0.7,1.6,0.35,20,0.4,1.05,1.3,20,0.75,8,1.5,0.29999999999999993
1990,1990-06-20 21:00:00,Group C,0,Sweden,Costa Rica,1.0,2.0,away_win,0.5,1.7,1.25,20,0.45,1.15,1.15,20,0.0,1,0.44999999999999996,0.04999999999999999
1990,1990-06-21 17:00:00,Group E,0,South Korea,Uruguay,0.0,1.0,away_win,0.45,1.35,0.85,20,0.5,1.4,0.75,20,0.0,2,-0.1499999999999998,-0.04999999999999999
1990,1990-06-21 17:00:00,Group E,0,Belgium,Spain,1.0,2.0,away_win,0.5,1.7,0.75,20,0.6,1.7,0.75,20,0.3,10,0.0,-0.09999999999999998
1990,1990-06-21 21:00:00,Group F,0,"rn"">Republic of Ireland",Netherlands,1.0,1.0,draw,0.5,1.0,1.0,0,0.45,1.25,0.7,20,0.5,0,-0.55,0.04999999999999999
1990,1990-06-21 21:00:00,Group F,0,England,Egypt,1.0,0.0,home_win,0.5,1.4,0.5,20,0.25,0.65,0.9,20,1.0,2,1.15,0.25
1990,1990-06-23 17:00:00,Round of 16,1,Cameroon,Colombia,2.0,1.0,home_win,0.65,1.25,1.0,20,0.3,0.85,0.9,20,1.0,1,0.30000000000000004,0.35000000000000003
1990,1990-06-23 21:00:00,Round of 16,1,Czech Republic,Costa Rica,4.0,1.0,home_win,0.55,1.6,0.85,20,0.4,1.1,1.35,20,1.0,1,1.0,0.15000000000000002
1990,1990-06-24 17:00:00,Round of 16,1,Brazil,Argentina,0.0,1.0,away_win,0.7,1.6,0.4,20,0.25,0.65,0.8,20,0.3,10,1.35,0.44999999999999996
1990,1990-06-24 21:00:00,Round of 16,1,Germany FR,Netherlands,2.0,1.0,home_win,0.5,1.0,1.0,0,0.4,1.2,0.75,20,0.5,0,-0.44999999999999996,0.09999999999999998
1990,1990-06-25 17:00:00,Round of 16,1,"rn"">Republic of Ireland",Romania,0.0,0.0,draw,0.5,1.0,1.0,0,0.4,1.3,0.95,20,0.5,0,-0.3500000000000001,0.09999999999999998
1990,1990-06-25 21:00:00,Round of 16,1,Italy,Uruguay,2.0,0.0,home_win,0.65,1.2,0.2,20,0.45,1.25,0.85,20,0.3333333333333333,6,0.6,0.2
1990,1990-06-26 17:00:00,Round of 16,1,Spain,Serbia,1.0,2.0,away_win,0.6,1.75,0.8,20,0.5,1.5,0.9,20,0.5,10,0.35,0.09999999999999998
1990,1990-06-26 21:00:00,Round of 16,1,England,Belgium,1.0,0.0,home_win,0.55,1.4,0.45,20,0.5,1.65,0.7,20,0.6,10,0.0,0.050000000000000044
1990,1990-06-30 17:00:00,Quarter-finals,1,Serbia,Argentina,0.0,0.0,draw,0.45,1.3,0.9,20,0.25,0.65,0.75,20,0.3333333333333333,6,0.5,0.2
1990,1990-06-30 21:00:00,Quarter-finals,1,Italy,"rn"">Republic of Ireland",1.0,0.0,home_win,0.65,1.15,0.15,20,0.5,1.0,1.0,0,0.5,0,0.9999999999999999,0.15000000000000002
1990,1990-07-01 17:00:00,Quarter-finals,1,Germany FR,Czech Republic,1.0,0.0,home_win,0.5,1.0,1.0,0,0.5,1.5,0.9,20,0.5,0,-0.6,0.0
1990,1990-07-01 21:00:00,Quarter-finals,1,England,Cameroon,3.0,2.0,home_win,0.55,1.45,0.5,20,0.6,1.2,1.1,20,1.0,1,0.8500000000000001,-0.04999999999999993
1990,1990-07-03 20:00:00,Semi-finals,1,Italy,Argentina,1.0,1.0,draw,0.6,1.15,0.2,20,0.25,0.6,0.7,20,0.5,10,1.0499999999999998,0.35
1990,1990-07-04 20:00:00,Semi-finals,1,Germany FR,England,1.0,1.0,draw,0.5,1.0,1.0,0,0.5,1.4,0.55,20,0.5,0,-0.8499999999999999,0.0
1990,1990-07-07 20:00:00,Match for third place,1,Italy,England,2.0,1.0,home_win,0.6,1.15,0.25,20,0.45,1.2,0.65,20,0.6,10,0.35,0.14999999999999997
1990,1990-07-08 20:00:00,Final,1,Germany FR,Argentina,1.0,0.0,home_win,0.5,1.0,1.0,0,0.25,0.55,0.7,20,0.5,0,0.1499999999999999,0.25
1994,1994-06-17 19:30:00,Group C,0,Spain,South Korea,2.0,2.0,draw,0.55,1.85,0.65,20,0.35,1.8,1.05,20,0.5,2,0.4500000000000002,0.20000000000000007
1994,1994-06-17 15:00:00,Group C,0,Germany,Bolivia,1.0,0.0,home_win,0.65,2.25,1.0,20,0.25,1.0,1.25,20,1.0,1,1.5,0.4
1994,1994-06-18 11:30:00,Group A,0,USA,Switzerland,1.0,1.0,draw,0.3,1.2,1.1,20,0.55,1.75,0.65,20,0.0,6,-1.0000000000000002,-0.25000000000000006
1994,1994-06-18 16:00:00,Group E,0,Italy,"rn"">Republic of Ireland",0.0,1.0,away_win,0.65,1.75,0.7,20,0.5,1.0,1.0,0,0.5,0,1.05,0.15000000000000002
1994,1994-06-18 19:30:00,Group A,0,Colombia,Romania,1.0,3.0,away_win,0.6,1.55,0.5,20,0.65,1.8,1.0,20,0.0,1,0.25,-0.050000000000000044
1994,1994-06-19 12:30:00,Group F,0,Belgium,Morocco,1.0,0.0,home_win,0.6,1.5,0.75,20,0.5,1.35,0.7,20,1.0,1,0.09999999999999987,0.09999999999999998
1994,1994-06-19 16:00:00,Group E,0,Norway,Mexico,1.0,0.0,home_win,0.5,1.7,0.7,20,0.45,1.9,0.9,20,0.25,4,1.1102230246251565e-16,0.04999999999999999
1994,1994-06-19 19:30:00,Group B,0,Cameroon,Sweden,2.0,2.0,draw,0.35,1.3,0.7,20,0.5,1.75,0.9,20,0.0,1,-0.2499999999999999,-0.15000000000000002
1994,1994-06-20 19:30:00,Group F,0,Netherlands,Saudi Arabia,2.0,1.0,home_win,0.6,2.7,1.05,20,0.35,1.3,1.45,20,1.0,1,1.8,0.25
1994,1994-06-20 16:00:00,Group B,0,Brazil,Russia,2.0,0.0,home_win,0.65,2.45,0.55,20,0.5,1.6,1.0,20,0.75,8,1.3,0.15000000000000002
1994,1994-06-21 12:30:00,Group D,0,Argentina,Greece,4.0,0.0,home_win,0.45,1.4,1.05,20,0.45,1.15,1.2,20,1.0,1,0.3999999999999999,0.0
1994,1994-06-21 19:30:00,Group D,0,Nigeria,Bulgaria,3.0,0.0,home_win,0.5,2.05,0.85,20,0.3,1.4,1.45,20,1.0,1,1.2499999999999998,0.2
1994,1994-06-21 16:00:00,Group C,0,Germany,Spain,1.0,1.0,draw,0.65,2.3,1.05,20,0.5,1.85,0.7,20,0.4,10,0.09999999999999964,0.15000000000000002
1994,1994-06-22 16:00:00,Group A,0,Romania,Switzerland,1.0,4.0,away_win,0.65,1.8,1.15,20,0.55,1.8,0.65,20,0.4,10,-0.4999999999999998,0.09999999999999998
1994,1994-06-22 19:30:00,Group A,0,USA,Colombia,2.0,1.0,home_win,0.35,1.3,1.0,20,0.55,1.55,0.6,20,0.25,8,-0.65,-0.20000000000000007
1994,1994-06-23 16:00:00,Group E,0,Italy,Norway,1.0,0.0,home_win,0.65,1.7,0.7,20,0.5,1.65,0.7,20,0.6,10,0.050000000000000044,0.15000000000000002
1994,1994-06-23 19:30:00,Group C,0,South Korea,Bolivia,0.0,0.0,draw,0.3,1.45,1.05,20,0.2,0.85,1.2,20,0.0,1,0.7499999999999999,0.09999999999999998
1994,1994-06-24 12:30:00,Group E,0,Mexico,"rn"">Republic of Ireland",2.0,1.0,home_win,0.45,1.6,0.95,20,0.5,1.0,1.0,0,0.5,0,0.6500000000000001,-0.04999999999999999
1994,1994-06-24 19:30:00,Group B,0,Sweden,Russia,3.0,1.0,home_win,0.5,1.8,0.95,20,0.45,1.55,1.15,20,0.3,10,0.44999999999999996,0.04999999999999999
1994,1994-06-24 16:00:00,Group B,0,Brazil,Cameroon,3.0,0.0,home_win,0.65,2.45,0.55,20,0.35,1.3,0.85,20,1.0,1,1.4500000000000002,0.30000000000000004
1994,1994-06-25 12:30:00,Group F,0,Belgium,Netherlands,1.0,0.0,home_win,0.65,1.55,0.7,20,0.55,2.55,1.05,20,0.3,10,-0.6499999999999997,0.09999999999999998
1994,1994-06-25 12:30:00,Group F,0,Saudi Arabia,Morocco,2.0,1.0,home_win,0.4,1.35,1.4,20,0.45,1.15,0.8,20,0.4,5,-0.3999999999999997,-0.04999999999999999
1994,1994-06-25 16:00:00,Group D,0,Argentina,Nigeria,2.0,1.0,home_win,0.5,1.45,1.05,20,0.45,1.9,0.95,20,1.0,1,-0.55,0.04999999999999999
1994,1994-06-26 12:30:00,Group D,0,Bulgaria,Greece,4.0,0.0,home_win,0.35,1.55,1.4,20,0.4,1.1,1.4,20,0.4,10,0.44999999999999996,-0.050000000000000044
1994,1994-06-26 16:00:00,Group A,0,USA,Romania,0.0,1.0,away_win,0.3,1.2,1.0,20,0.65,1.65,1.1,20,0.25,4,-0.34999999999999987,-0.35000000000000003
1994,1994-06-26 16:00:00,Group A,0,Switzerland,Colombia,0.0,2.0,away_win,0.55,1.7,0.65,20,0.6,1.65,0.6,20,0.3333333333333333,3,0.0,-0.04999999999999993
1994,1994-06-27 16:00:00,Group C,0,Germany,South Korea,3.0,2.0,home_win,0.7,2.4,1.0,20,0.25,1.4,1.2,20,1.0,1,1.2,0.44999999999999996
1994,1994-06-27 16:00:00,Group C,0,Bolivia,Spain,1.0,3.0,away_win,0.15,0.85,1.35,20,0.55,2.0,0.75,20,0.0,1,-1.75,-0.4
1994,1994-06-28 12:30:00,Group E,0,"rn"">Republic of Ireland",Norway,0.0,0.0,draw,0.5,1.0,1.0,0,0.5,1.6,0.6,20,0.5,0,-1.0,0.0
1994,1994-06-28 16:00:00,Group B,0,Brazil,Sweden,1.0,1.0,draw,0.65,2.45,0.55,20,0.45,1.7,0.95,20,0.5,10,1.1500000000000001,0.2
1994,1994-06-28 12:30:00,Group E,0,Italy,Mexico,1.0,1.0,draw,0.65,1.7,0.7,20,0.4,1.35,0.95,20,0.6666666666666666,9,0.5999999999999999,0.25
1994,1994-06-28 16:00:00,Group B,0,Russia,Cameroon,6.0,1.0,home_win,0.45,1.75,1.15,20,0.35,1.3,1.1,20,1.0,2,0.40000000000000013,0.10000000000000003
1994,1994-06-29 12:30:00,Group F,0,Morocco,Netherlands,1.0,2.0,away_win,0.45,1.2,0.9,20,0.6,2.55,1.0,20,0.0,1,-1.25,-0.14999999999999997
1994,1994-06-29 12:30:00,Group F,0,Belgium,Saudi Arabia,0.0,1.0,away_win,0.6,1.45,0.75,20,0.4,1.25,1.3,20,0.0,1,0.75,0.19999999999999996
1994,1994-06-30 19:30:00,Group D,0,Greece,Nigeria,0.0,2.0,away_win,0.35,0.95,1.45,20,0.5,1.95,0.85,20,0.0,1,-1.6,-0.15000000000000002
1994,1994-06-30 19:30:00,Group D,0,Argentina,Bulgaria,0.0,2.0,away_win,0.5,1.4,1.1,20,0.4,1.55,1.25,20,0.8571428571428571,7,-2.220446049250313e-16,0.09999999999999998
1994,1994-07-02 12:00:00,Round of 16,1,Germany,Belgium,3.0,2.0,home_win,0.7,2.35,1.05,20,0.55,1.45,0.9,20,0.9,10,0.7500000000000001,0.1499999999999999
1994,1994-07-02 16:30:00,Round of 16,1,Spain,Switzerland,3.0,0.0,home_win,0.6,2.15,0.75,20,0.5,1.55,0.8,20,0.9,10,0.6499999999999999,0.09999999999999998
1994,1994-07-03 12:00:00,Round of 16,1,Saudi Arabia,Sweden,1.0,3.0,away_win,0.35,1.1,1.35,20,0.45,1.75,1.0,20,0.0,2,-1.0,-0.10000000000000003
1994,1994-07-03 13:30:00,Round of 16,1,Romania,Argentina,3.0,2.0,home_win,0.7,1.8,1.05,20,0.5,1.5,1.25,20,0.2,5,0.5,0.19999999999999996
1994,1994-07-04 12:00:00,Round of 16,1,Netherlands,"rn"">Republic of Ireland",2.0,0.0,home_win,0.65,2.55,0.85,20,0.5,1.0,1.0,0,0.5,0,1.6999999999999997,0.15000000000000002
1994,1994-07-04 12:30:00,Round of 16,1,Brazil,USA,1.0,0.0,home_win,0.65,2.4,0.55,20,0.3,1.15,1.0,20,1.0,5,1.7,0.35000000000000003
1994,1994-07-05 13:00:00,Round of 16,1,Nigeria,Italy,1.0,2.0,away_win,0.45,1.8,0.9,20,0.65,1.65,0.65,20,0.0,1,-0.09999999999999987,-0.2
1994,1994-07-05 16:30:00,Round of 16,1,Mexico,Bulgaria,1.0,1.0,draw,0.35,1.2,1.0,20,0.35,1.5,1.3,20,0.25,8,0.0,0.0
1994,1994-07-09 12:00:00,Quarter-finals,1,Italy,Spain,2.0,1.0,home_win,0.7,1.65,0.6,20,0.6,2.2,0.85,20,0.4,10,-0.30000000000000027,0.09999999999999998
1994,1994-07-09 14:30:00,Quarter-finals,1,Netherlands,Brazil,2.0,3.0,away_win,0.65,2.6,0.9,20,0.7,2.55,0.65,20,0.5,4,-0.19999999999999973,-0.04999999999999993
1994,1994-07-10 12:00:00,Quarter-finals,1,Bulgaria,Germany,2.0,1.0,home_win,0.4,1.6,1.25,20,0.65,2.35,1.15,20,0.1,10,-0.8500000000000001,-0.25
1994,1994-07-10 12:30:00,Quarter-finals,1,Romania,Sweden,2.0,2.0,draw,0.65,1.8,1.15,20,0.45,1.8,1.0,20,0.25,8,-0.1499999999999999,0.2
1994,1994-07-13 16:00:00,Semi-finals,1,Bulgaria,Italy,1.0,2.0,away_win,0.4,1.6,1.25,20,0.75,1.75,0.65,20,0.1,10,-0.75,-0.35
1994,1994-07-13 16:30:00,Semi-finals,1,Sweden,Brazil,0.0,1.0,away_win,0.4,1.75,1.05,20,0.75,2.6,0.55,20,0.2,10,-1.3499999999999999,-0.35
1994,1994-07-16 12:30:00,Match for third place,1,Sweden,Bulgaria,4.0,0.0,home_win,0.4,1.7,1.05,20,0.35,1.5,1.45,20,0.5555555555555556,9,0.5999999999999999,0.050000000000000044
1994,1994-07-17 12:30:00,Final,1,Brazil,Italy,0.0,0.0,draw,0.7,2.35,0.5,20,0.7,1.65,0.6,20,0.5,10,0.8000000000000003,0.0
1998,1998-06-10 17:30:00,Group A,0,Brazil,Scotland,2.0,1.0,home_win,0.75,2.15,0.55,20,0.45,1.1,0.7,20,0.7777777777777778,9,1.1999999999999997,0.3
1998,1998-06-10 21:00:00,Group A,0,Morocco,Norway,2.0,2.0,draw,0.6,1.65,0.7,20,0.6,2.4,0.8,20,0.0,1,-0.6499999999999999,0.0
1998,1998-06-11 17:30:00,Group B,0,Italy,Chile,2.0,2.0,draw,0.45,1.45,0.75,20,0.45,1.7,1.05,20,0.3333333333333333,3,0.050000000000000044,0.0
1998,1998-06-11 21:00:00,Group B,0,Cameroon,Austria,1.0,1.0,draw,0.45,1.25,1.0,20,0.65,1.75,0.95,20,0.0,1,-0.55,-0.2
1998,1998-06-12 14:30:00,Group D,0,Paraguay,Bulgaria,0.0,0.0,draw,0.15,1.0,1.55,20,0.55,1.7,1.0,20,0.0,1,-1.25,-0.4
1998,1998-06-12 17:30:00,Group C,0,Saudi Arabia,Denmark,0.0,1.0,away_win,0.35,0.8,1.3,20,0.6,1.3,0.85,20,0.0,2,-0.9500000000000001,-0.25
1998,1998-06-12 21:00:00,Group C,0,France,South Africa,3.0,0.0,home_win,0.55,1.45,0.7,20,0.25,1.2,1.6,20,1.0,2,1.1500000000000001,0.30000000000000004
1998,1998-06-13 14:30:00,Group D,0,Spain,Nigeria,2.0,3.0,away_win,0.55,2.05,0.75,20,0.45,1.2,1.4,20,0.0,1,1.4999999999999998,0.10000000000000003
1998,1998-06-13 17:30:00,Group E,0,South Korea,Mexico,1.0,3.0,away_win,0.45,1.45,1.1,20,0.45,1.9,1.2,20,0.16666666666666666,6,-0.3500000000000001,0.0
1998,1998-06-13 21:00:00,Group E,0,Netherlands,Belgium,0.0,0.0,draw,0.6,2.45,0.8,20,0.5,1.65,1.1,20,0.4,10,1.1000000000000003,0.09999999999999998
1998,1998-06-14 14:30:00,Group H,0,Argentina,Japan,1.0,0.0,home_win,0.7,1.65,0.5,20,0.35,1.65,1.25,20,1.0,3,0.75,0.35
1998,1998-06-14 17:30:00,Group F,0,Serbia,Iran,1.0,0.0,home_win,0.6,2.1,0.7,20,0.25,1.15,1.25,20,0.6666666666666666,3,1.5000000000000002,0.35
1998,1998-06-14 21:00:00,Group H,0,Jamaica,Croatia,1.0,3.0,away_win,0.2,0.95,0.9,20,0.45,2.2,1.4,20,0.0,1,-0.7500000000000003,-0.25
1998,1998-06-15 14:30:00,Group G,0,England,Tunisia,2.0,0.0,home_win,0.65,1.4,0.35,20,0.55,1.6,1.0,20,0.5,2,0.44999999999999973,0.09999999999999998
1998,1998-06-15 17:30:00,Group G,0,Romania,Colombia,1.0,0.0,home_win,0.7,2.7,0.75,20,0.2,1.05,1.35,20,1.0,2,2.25,0.49999999999999994
1998,1998-06-15 21:00:00,Group F,0,Germany,USA,2.0,0.0,home_win,0.7,2.3,0.6,20,0.45,1.2,0.75,20,1.0,3,1.2499999999999998,0.24999999999999994
1998,1998-06-16 17:30:00,Group A,0,Scotland,Norway,1.0,1.0,draw,0.45,1.15,0.75,20,0.55,2.3,0.85,20,0.5,10,-1.0499999999999998,-0.10000000000000003
1998,1998-06-16 21:00:00,Group A,0,Brazil,Morocco,3.0,0.0,home_win,0.75,2.2,0.5,20,0.55,1.6,0.85,20,1.0,2,0.9500000000000001,0.19999999999999996
1998,1998-06-17 17:30:00,Group B,0,Chile,Austria,1.0,1.0,draw,0.45,1.75,1.0,20,0.65,1.65,0.75,20,0.0,2,-0.1499999999999999,-0.2
1998,1998-06-17 21:00:00,Group B,0,Italy,Cameroon,3.0,0.0,home_win,0.5,1.6,0.75,20,0.45,1.1,1.0,20,0.5,2,0.75,0.04999999999999999
1998,1998-06-18 17:30:00,Group C,0,South Africa,Denmark,1.0,1.0,draw,0.25,1.25,1.55,20,0.55,1.25,0.9,20,0.0,1,-0.65,-0.30000000000000004
1998,1998-06-18 21:00:00,Group C,0,France,Saudi Arabia,4.0,0.0,home_win,0.6,1.65,0.7,20,0.3,0.55,1.45,20,1.0,1,1.8499999999999999,0.3
1998,1998-06-19 17:30:00,Group D,0,Nigeria,Bulgaria,1.0,0.0,home_win,0.45,1.1,1.3,20,0.5,1.5,1.0,20,1.0,2,-0.7,-0.04999999999999999
1998,1998-06-19 21:00:00,Group D,0,Spain,Paraguay,0.0,0.0,draw,0.55,2.05,0.75,20,0.15,1.0,1.45,20,0.0,1,1.7499999999999998,0.4
1998,1998-06-20 14:30:00,Group H,0,Japan,Croatia,0.0,1.0,away_win,0.35,1.65,1.15,20,0.5,2.25,1.25,20,0.5,2,-0.5,-0.15000000000000002
1998,1998-06-20 17:30:00,Group E,0,Belgium,Mexico,2.0,2.0,draw,0.5,1.65,1.1,20,0.45,1.9,1.2,20,0.3333333333333333,6,-0.15000000000000013,0.04999999999999999
1998,1998-06-20 21:00:00,Group E,0,Netherlands,South Korea,5.0,0.0,home_win,0.6,2.6,0.8,20,0.4,1.2,1.3,20,1.0,1,1.9000000000000001,0.19999999999999996
1998,1998-06-21 14:30:00,Group F,0,Germany,Serbia,2.0,2.0,draw,0.65,2.15,0.65,20,0.55,2.1,0.75,20,0.5,10,0.1499999999999999,0.09999999999999998
1998,1998-06-21 17:30:00,Group H,0,Argentina,Jamaica,5.0,0.0,home_win,0.7,1.8,0.45,20,0.15,0.8,1.1,20,1.0,1,1.6500000000000001,0.5499999999999999
1998,1998-06-21 21:00:00,Group F,0,USA,Iran,1.0,2.0,away_win,0.45,1.2,0.8,20,0.25,1.2,1.3,20,0.0,1,0.5,0.2
1998,1998-06-22 17:30:00,Group G,0,Colombia,Tunisia,1.0,0.0,home_win,0.25,1.05,1.3,20,0.55,1.6,1.0,20,1.0,1,-0.8500000000000001,-0.30000000000000004
1998,1998-06-22 21:00:00,Group G,0,Romania,England,2.0,1.0,home_win,0.75,2.75,0.7,20,0.6,1.35,0.4,20,0.2,10,1.0999999999999996,0.15000000000000002
1998,1998-06-23 16:00:00,Group B,0,Italy,Austria,2.0,1.0,home_win,0.5,1.55,0.75,20,0.6,1.65,0.85,20,0.8,10,1.1102230246251565e-16,-0.09999999999999998
1998,1998-06-23 16:00:00,Group B,0,Chile,Cameroon,1.0,1.0,draw,0.45,1.75,0.95,20,0.4,1.05,1.0,20,0.0,1,0.75,0.04999999999999999
1998,1998-06-23 21:00:00,Group A,0,Scotland,Morocco,0.0,3.0,away_win,0.45,1.15,0.8,20,0.55,1.55,0.85,20,0.0,1,-0.3500000000000002,-0.10000000000000003
1998,1998-06-23 21:00:00,Group A,0,Brazil,Norway,1.0,2.0,away_win,0.7,2.1,0.6,20,0.55,2.35,0.9,20,0.0,3,0.04999999999999982,0.1499999999999999
1998,1998-06-24 16:00:00,Group C,0,France,Denmark,2.0,1.0,home_win,0.6,1.65,0.75,20,0.5,1.25,1.0,20,0.375,8,0.6499999999999999,0.09999999999999998
1998,1998-06-24 16:00:00,Group C,0,South Africa,Saudi Arabia,2.0,2.0,draw,0.2,1.2,1.65,20,0.3,0.65,1.5,20,0.0,1,0.4,-0.09999999999999998
1998,1998-06-24 21:00:00,Group D,0,Spain,Bulgaria,6.0,1.0,home_win,0.6,2.3,0.75,20,0.5,1.5,1.25,20,0.75,4,1.2999999999999998,0.09999999999999998
1998,1998-06-24 21:00:00,Group D,0,Nigeria,Paraguay,1.0,3.0,away_win,0.4,1.1,1.45,20,0.2,1.1,1.45,20,0.0,1,0.0,0.2
1998,1998-06-25 16:00:00,Group E,0,Belgium,South Korea,1.0,1.0,draw,0.45,1.6,1.1,20,0.4,1.25,1.25,20,0.5,2,0.5,0.04999999999999999
1998,1998-06-25 16:00:00,Group E,0,Netherlands,Mexico,2.0,2.0,draw,0.6,2.65,0.7,20,0.45,2.0,1.3,20,0.25,4,1.25,0.14999999999999997
1998,1998-06-25 21:00:00,Group F,0,Germany,Iran,2.0,0.0,home_win,0.7,2.2,0.6,20,0.25,1.15,1.25,20,1.0,1,1.7000000000000002,0.44999999999999996
1998,1998-06-25 21:00:00,Group F,0,USA,Serbia,0.0,1.0,away_win,0.45,1.2,0.8,20,0.6,2.1,0.7,20,0.0,1,-1.0000000000000002,-0.14999999999999997
1998,1998-06-26 16:00:00,Group H,0,Japan,Jamaica,1.0,2.0,away_win,0.3,1.4,1.1,20,0.15,0.75,1.15,20,0.0,1,0.6999999999999997,0.15
1998,1998-06-26 16:00:00,Group H,0,Argentina,Croatia,1.0,0.0,home_win,0.7,1.75,0.45,20,0.5,2.2,1.2,20,0.5,2,0.2999999999999998,0.19999999999999996
1998,1998-06-26 21:00:00,Group G,0,Romania,Tunisia,1.0,1.0,draw,0.7,2.7,0.75,20,0.55,1.65,1.05,20,0.0,1,1.3500000000000003,0.1499999999999999
1998,1998-06-26 21:00:00,Group G,0,Colombia,England,0.0,2.0,away_win,0.25,1.0,1.3,20,0.6,1.35,0.4,20,0.0,4,-1.25,-0.35
1998,1998-06-27 16:30:00,Round of 16,1,Italy,Norway,1.0,0.0,home_win,0.5,1.55,0.75,20,0.55,2.35,0.9,20,0.6,10,-0.6500000000000001,-0.050000000000000044
1998,1998-06-27 21:00:00,Round of 16,1,Brazil,Chile,4.0,1.0,home_win,0.7,2.1,0.55,20,0.4,1.6,1.1,20,0.5,10,1.05,0.29999999999999993
1998,1998-06-28 16:30:00,Round of 16,1,France,Paraguay,1.0,0.0,home_win,0.6,1.5,0.75,20,0.2,1.1,1.4,20,1.0,2,1.0499999999999998,0.39999999999999997
1998,1998-06-28 21:00:00,Round of 16,1,Nigeria,Denmark,1.0,4.0,away_win,0.4,1.1,1.5,20,0.55,1.4,1.0,20,0.0,1,-0.7999999999999998,-0.15000000000000002
1998,1998-06-29 16:30:00,Round of 16,1,Germany,Mexico,2.0,1.0,home_win,0.75,2.3,0.65,20,0.45,1.9,1.25,20,0.3333333333333333,9,1.0,0.3
1998,1998-06-29 21:00:00,Round of 16,1,Netherlands,Serbia,2.0,1.0,home_win,0.65,2.75,0.75,20,0.55,2.05,0.8,20,0.5714285714285714,7,0.7500000000000002,0.09999999999999998
1998,1998-06-30 16:30:00,Round of 16,1,Romania,Croatia,0.0,1.0,away_win,0.65,2.55,0.8,20,0.5,2.05,1.15,20,0.0,3,0.8499999999999999,0.15000000000000002
1998,1998-06-30 21:00:00,Round of 16,1,Argentina,England,2.0,2.0,draw,0.7,1.85,0.55,20,0.6,1.45,0.45,20,0.2,10,0.30000000000000004,0.09999999999999998
1998,1998-07-03 16:30:00,Quarter-finals,1,Italy,France,0.0,0.0,draw,0.5,1.5,0.65,20,0.6,1.5,0.7,20,0.2,10,0.04999999999999993,-0.09999999999999998
1998,1998-07-03 21:00:00,Quarter-finals,1,Brazil,Denmark,3.0,2.0,home_win,0.7,2.15,0.65,20,0.55,1.5,1.0,20,0.6666666666666666,3,1.0,0.1499999999999999
1998,1998-07-04 16:30:00,Quarter-finals,1,Netherlands,Argentina,2.0,1.0,home_win,0.7,2.75,0.7,20,0.65,1.8,0.65,20,0.6,5,0.8999999999999999,0.04999999999999993
1998,1998-07-04 21:00:00,Quarter-finals,1,Germany,Croatia,0.0,3.0,away_win,0.7,2.25,0.8,20,0.55,2.15,1.1,20,0.8,5,0.40000000000000013,0.1499999999999999
1998,1998-07-07 21:00:00,Semi-finals,1,Brazil,Netherlands,1.0,1.0,draw,0.65,2.05,0.7,20,0.65,2.65,0.7,20,0.3333333333333333,6,-0.6000000000000001,0.0
1998,1998-07-08 21:00:00,Semi-finals,1,France,Croatia,2.0,1.0,home_win,0.6,1.5,0.75,20,0.55,2.1,1.1,20,1.0,1,-0.25,0.04999999999999993
1998,1998-07-11 21:00:00,Match for third place,1,Netherlands,Croatia,1.0,2.0,away_win,0.6,2.35,0.75,20,0.6,2.15,1.1,20,0.0,1,0.5500000000000003,0.0
1998,1998-07-12 21:00:00,Final,1,Brazil,France,0.0,3.0,away_win,0.6,1.95,0.8,20,0.6,1.55,0.7,20,0.5,10,0.2999999999999998,0.0
2002,2002-05-31 20:30:00,Group A,0,France,Senegal,0.0,1.0,away_win,0.65,2.25,0.7,20,0.65,1.35,0.55,20,0.0,2,0.75,0.0
2002,2002-06-01 18:00:00,Group A,0,Uruguay,Denmark,1.0,2.0,away_win,0.35,1.3,1.15,20,0.65,1.9,0.8,20,0.0,2,-0.9499999999999997,-0.30000000000000004
2002,2002-06-01 15:30:00,Group E,0,"rn"">Republic of Ireland",Cameroon,1.0,1.0,draw,0.5,1.0,1.0,0,0.45,1.25,0.7,20,0.5,0,-0.55,0.04999999999999999
2002,2002-06-01 20:30:00,Group E,0,Germany,Saudi Arabia,8.0,0.0,home_win,0.6,2.85,1.2,20,0.6,1.65,1.4,20,1.0,2,1.4000000000000001,0.0
2002,2002-06-02 14:30:00,Group F,0,Argentina,Nigeria,1.0,0.0,home_win,0.65,1.95,0.85,20,0.6,1.5,0.65,20,0.6666666666666666,3,0.2500000000000001,0.050000000000000044
2002,2002-06-02 16:30:00,Group B,0,Paraguay,South Africa,2.0,2.0,draw,0.3,1.5,1.7,20,0.35,0.85,0.8,20,0.0,1,-0.2499999999999999,-0.04999999999999999
2002,2002-06-02 18:30:00,Group F,0,England,Sweden,1.0,1.0,draw,0.4,1.75,0.9,20,0.55,1.9,0.6,20,0.0,10,-0.44999999999999984,-0.15000000000000002
2002,2002-06-02 20:30:00,Group B,0,Spain,Slovenia,3.0,1.0,home_win,0.6,2.05,1.1,20,0.4,1.25,1.2,20,1.0,2,0.8999999999999997,0.19999999999999996
2002,,Group C,0,Brazil,Turkey,2.0,1.0,home_win,0.5,1.0,1.0,0,0.5,1.0,1.0,0,0.5,0,0.0,0.0
2002,2002-06-03 20:30:00,Group G,0,Italy,Ecuador,2.0,0.0,home_win,0.6,1.4,0.55,20,0.4,1.05,0.8,20,1.0,1,0.5999999999999999,0.19999999999999996
2002,2002-06-03 15:30:00,Group G,0,Croatia,Mexico,0.0,1.0,away_win,0.4,1.3,0.65,20,0.7,1.75,0.7,20,0.6666666666666666,3,-0.4,-0.29999999999999993
2002,,Group C,0,China,Costa Rica,0.0,2.0,away_win,0.5,1.0,1.0,0,0.5,1.0,1.0,0,0.5,0,0.0,0.0
2002,,Group H,0,Japan,Belgium,2.0,2.0,draw,0.5,1.0,1.0,0,0.5,1.0,1.0,0,0.5,0,0.0,0.0
2002,2002-06-04 20:30:00,Group D,0,South Korea,Poland,2.0,0.0,home_win,0.35,1.15,0.85,20,0.5,1.65,1.0,20,1.0,1,-0.35,-0.15000000000000002
2002,2002-06-05 15:30:00,Group H,0,Russia,Tunisia,2.0,0.0,home_win,0.5,1.5,0.75,20,0.35,1.75,0.85,20,1.0,2,-0.15000000000000002,0.15000000000000002
2002,2002-06-05 18:00:00,Group D,0,USA,Portugal,3.0,2.0,home_win,0.5,1.55,1.05,20,0.6,2.75,1.15,20,0.4,5,-1.1,-0.09999999999999998
2002,2002-06-05 20:30:00,Group E,0,Germany,"rn"">Republic of Ireland",1.0,1.0,draw,0.55,2.85,1.25,20,0.5,1.0,1.0,0,0.5,0,1.6,0.050000000000000044
2002,2002-06-06 15:30:00,Group A,0,Denmark,Senegal,1.0,1.0,draw,0.6,1.85,0.8,20,0.6,1.25,0.6,20,0.5,2,0.4,0.0
2002,2002-06-06 18:00:00,Group E,0,Cameroon,Saudi Arabia,1.0,0.0,home_win,0.5,1.3,0.7,20,0.6,1.65,1.35,20,0.4,5,0.30000000000000027,-0.09999999999999998
2002,2002-06-06 20:30:00,Group A,0,France,Uruguay,0.0,0.0,draw,0.6,2.05,0.7,20,0.3,1.25,1.15,20,0.25,4,1.2499999999999998,0.3
2002,2002-06-07 15:30:00,Group F,0,Sweden,Nigeria,2.0,1.0,home_win,0.6,1.9,0.55,20,0.55,1.5,0.75,20,1.0,2,0.5999999999999999,0.04999999999999993
2002,2002-06-07 20:30:00,Group F,0,Argentina,England,0.0,1.0,away_win,0.6,1.85,0.9,20,0.45,1.75,0.85,20,0.2,10,0.050000000000000044,0.14999999999999997
2002,,Group B,0,Spain,Paraguay,3.0,1.0,home_win,0.5,1.0,1.0,0,0.5,1.0,1.0,0,0.5,0,0.0,0.0
2002,2002-06-08 15:30:00,Group B,0,South Africa,Slovenia,1.0,0.0,home_win,0.4,0.85,0.75,20,0.35,1.15,1.2,20,1.0,1,0.15000000000000002,0.050000000000000044
2002,2002-06-08 20:30:00,Group C,0,Brazil,China,4.0,0.0,home_win,0.7,2.35,0.7,20,0.55,1.6,0.8,20,1.0,1,0.8500000000000001,0.1499999999999999
2002,,Group G,0,Italy,Croatia,1.0,2.0,away_win,0.5,1.0,1.0,0,0.5,1.0,1.0,0,0.5,0,0.0,0.0
2002,2002-06-09 18:00:00,Group C,0,Costa Rica,Turkey,1.0,1.0,draw,0.5,1.4,0.85,20,0.4,1.3,1.0,20,0.0,1,0.2499999999999999,0.09999999999999998
2002,2002-06-09 20:30:00,Group H,0,Japan,Russia,1.0,0.0,home_win,0.5,1.35,0.8,20,0.45,1.45,0.8,20,0.25,4,-0.09999999999999987,0.04999999999999999
2002,2002-06-09 15:30:00,Group G,0,Mexico,Ecuador,2.0,1.0,home_win,0.75,1.85,0.7,20,0.35,1.05,0.9,20,0.6,10,1.0,0.4
2002,2002-06-10 15:30:00,Group D,0,South Korea,USA,1.0,1.0,draw,0.3,1.1,0.85,20,0.5,1.6,1.05,20,0.5,8,-0.29999999999999993,-0.2
2002,2002-06-10 20:30:00,Group D,0,Portugal,Poland,4.0,0.0,home_win,0.6,2.7,1.1,20,0.45,1.5,1.15,20,0.5714285714285714,7,1.25,0.14999999999999997
2002,2002-06-10 18:00:00,Group H,0,Tunisia,Belgium,1.0,1.0,draw,0.3,1.5,0.9,20,0.55,2.0,0.85,20,0.5,2,-0.5499999999999999,-0.25000000000000006
2002,2002-06-11 15:30:00,Group A,0,Denmark,France,2.0,0.0,home_win,0.65,1.9,0.75,20,0.55,2.0,0.8,20,0.4,10,-0.050000000000000044,0.09999999999999998
2002,,Group A,0,Senegal,Uruguay,3.0,3.0,draw,0.5,1.0,1.0,0,0.5,1.0,1.0,0,0.5,0,0.0,0.0
2002,2002-06-11 20:30:00,Group E,0,Saudi Arabia,"rn"">Republic of Ireland",0.0,3.0,away_win,0.55,1.5,1.45,20,0.5,1.0,1.0,0,0.5,0,0.050000000000000044,0.050000000000000044
2002,2002-06-11 20:30:00,Group E,0,Cameroon,Germany,0.0,2.0,away_win,0.5,1.3,0.7,20,0.6,2.9,1.15,20,0.0,1,-1.15,-0.09999999999999998
2002,2002-06-12 15:30:00,Group F,0,Sweden,Argentina,1.0,1.0,draw,0.6,1.95,0.6,20,0.6,1.85,0.8,20,0.5,2,0.30000000000000004,0.0
2002,2002-06-12 15:30:00,Group F,0,Nigeria,England,0.0,0.0,draw,0.5,1.4,0.75,20,0.45,1.75,0.8,20,0.0,2,-0.30000000000000004,0.04999999999999999
2002,2002-06-12 20:30:00,Group B,0,Slovenia,Paraguay,1.0,3.0,away_win,0.35,1.1,1.25,20,0.3,1.4,1.8,20,0.0,1,0.2500000000000002,0.04999999999999999
2002,2002-06-12 20:30:00,Group B,0,South Africa,Spain,2.0,3.0,away_win,0.4,0.95,0.9,20,0.65,2.1,1.0,20,0.0,1,-1.0500000000000003,-0.25
2002,2002-06-13 15:30:00,Group C,0,Costa Rica,Brazil,2.0,5.0,away_win,0.45,1.35,1.0,20,0.75,2.6,0.75,20,0.14285714285714285,7,-1.5,-0.3
2002,2002-06-13 15:30:00,Group C,0,Turkey,China,3.0,0.0,home_win,0.4,1.4,1.0,20,0.5,1.4,0.95,20,1.0,1,-0.050000000000000044,-0.09999999999999998
2002,2002-06-13 20:30:00,Group G,0,Ecuador,Croatia,1.0,0.0,home_win,0.4,1.05,0.85,20,0.45,1.35,0.6,20,1.0,1,-0.55,-0.04999999999999999
2002,2002-06-13 20:30:00,Group G,0,Mexico,Italy,1.0,1.0,draw,0.7,1.8,0.75,20,0.6,1.45,0.6,20,0.0,10,0.20000000000000007,0.09999999999999998
2002,2002-06-14 15:30:00,Group H,0,Tunisia,Japan,0.0,2.0,away_win,0.3,1.5,0.9,20,0.5,1.3,0.8,20,0.0,2,0.09999999999999998,-0.2
2002,2002-06-14 20:30:00,Group D,0,Portugal,South Korea,0.0,1.0,away_win,0.55,2.55,1.1,20,0.35,1.15,0.8,20,0.0,1,1.0999999999999999,0.20000000000000007
2002,2002-06-14 20:30:00,Group D,0,Poland,USA,3.0,1.0,home_win,0.5,1.65,1.2,20,0.5,1.55,1.05,20,0.7,10,-0.050000000000000044,0.0
2002,2002-06-14 15:30:00,Group H,0,Belgium,Russia,3.0,2.0,home_win,0.55,2.0,0.9,20,0.4,1.5,0.95,20,0.2857142857142857,7,0.55,0.15000000000000002
2002,2002-06-15 20:30:00,Round of 16,1,Denmark,England,0.0,3.0,away_win,0.65,1.85,0.85,20,0.5,1.9,0.8,20,0.1,10,-0.09999999999999987,0.15000000000000002
2002,2002-06-15 15:30:00,Round of 16,1,Germany,Paraguay,1.0,0.0,home_win,0.65,2.95,1.1,20,0.25,1.35,1.85,20,1.0,1,2.35,0.4
2002,2002-06-16 20:30:00,Round of 16,1,Spain,"rn"">Republic of Ireland",1.0,1.0,draw,0.65,2.1,0.85,20,0.5,1.0,1.0,0,0.5,0,1.25,0.15000000000000002
2002,2002-06-16 15:30:00,Round of 16,1,Sweden,Senegal,1.0,2.0,away_win,0.55,1.85,0.7,20,0.65,1.5,0.75,20,0.0,1,0.40000000000000013,-0.09999999999999998
2002,2002-06-17 20:30:00,Round of 16,1,Brazil,Belgium,2.0,0.0,home_win,0.8,2.7,0.7,20,0.55,2.0,1.0,20,0.75,4,1.0,0.25
2002,,Round of 16,1,Mexico,USA,0.0,2.0,away_win,0.5,1.0,1.0,0,0.5,1.0,1.0,0,0.5,0,0.0,0.0
2002,2002-06-18 15:30:00,Round of 16,1,Japan,Turkey,0.0,1.0,away_win,0.45,1.2,0.85,20,0.45,1.45,0.8,20,0.5,2,-0.29999999999999993,0.0
2002,2002-06-18 20:30:00,Round of 16,1,South Korea,Italy,2.0,1.0,home_win,0.35,1.15,0.85,20,0.6,1.4,0.6,20,0.5,2,-0.5,-0.25
2002,2002-06-21 15:30:00,Quarter-finals,1,England,Brazil,1.0,2.0,away_win,0.5,1.95,0.85,20,0.8,2.7,0.75,20,0.2,10,-0.8500000000000001,-0.30000000000000004
2002,2002-06-21 20:30:00,Quarter-finals,1,Germany,USA,1.0,0.0,home_win,0.65,2.9,1.05,20,0.5,1.55,0.95,20,0.7142857142857143,7,1.2499999999999998,0.15000000000000002
2002,2002-06-22 20:30:00,Quarter-finals,1,Senegal,Turkey,0.0,1.0,away_win,0.65,1.5,0.75,20,0.5,1.5,0.8,20,0.0,1,0.050000000000000044,0.15000000000000002
2002,2002-06-22 15:30:00,Quarter-finals,1,Spain,South Korea,0.0,0.0,draw,0.6,2.0,0.8,20,0.35,1.1,0.8,20,0.3333333333333333,3,0.8999999999999999,0.25
2002,2002-06-25 20:30:00,Semi-finals,1,Germany,South Korea,1.0,0.0,home_win,0.65,2.75,0.95,20,0.3,1.05,0.85,20,1.0,2,1.6,0.35000000000000003
2002,2002-06-26 20:30:00,Semi-finals,1,Brazil,Turkey,1.0,0.0,home_win,0.8,2.6,0.7,20,0.5,1.45,0.8,20,1.0,3,1.2500000000000002,0.30000000000000004
2002,2002-06-29 20:00:00,Third place,1,South Korea,Turkey,2.0,3.0,away_win,0.3,1.1,0.9,20,0.5,1.5,0.85,20,0.0,4,-0.44999999999999996,-0.2
2002,2002-06-30 20:00:00,Final,1,Germany,Brazil,0.0,2.0,away_win,0.6,2.65,1.05,20,0.85,2.7,0.6,20,0.2,10,-0.5000000000000002,-0.25
2006,2006-06-09 18:00:00,Group A,0,Germany,Costa Rica,4.0,2.0,home_win,0.55,2.55,1.55,20,0.35,1.35,1.8,20,1.0,1,1.4499999999999997,0.20000000000000007
2006,2006-06-09 21:00:00,Group A,0,Poland,Ecuador,0.0,2.0,away_win,0.7,2.1,0.95,20,0.4,1.25,1.15,20,0.5,2,1.05,0.29999999999999993
2006,2006-06-10 15:00:00,Group B,0,England,Paraguay,1.0,0.0,home_win,0.75,1.9,0.85,20,0.4,1.35,1.25,20,1.0,3,0.9499999999999997,0.35
2006,2006-06-10 18:00:00,Group B,0,"rn"">Trinidad and Tobago",Sweden,0.0,0.0,draw,0.5,1.0,1.0,0,0.4,1.7,0.85,20,0.5,0,-0.85,0.09999999999999998
2006,2006-06-10 21:00:00,Group C,0,Argentina,C�te d'Ivoire,2.0,1.0,home_win,0.5,1.7,1.35,20,0.5,1.0,1.0,0,0.5,0,0.34999999999999987,0.0
2006,2006-06-11 15:00:00,Group C,0,"rn"">Serbia and Montenegro",Netherlands,0.0,1.0,away_win,0.5,1.0,1.0,0,0.7,1.8,0.5,20,0.5,0,-1.3,-0.19999999999999996
2006,2006-06-11 18:00:00,Group D,0,Mexico,Iran,3.0,1.0,home_win,0.65,1.8,1.0,20,0.7,2.15,1.0,20,1.0,2,-0.34999999999999987,-0.04999999999999993
2006,2006-06-11 21:00:00,Group D,0,Angola,Portugal,0.0,1.0,away_win,0.35,1.35,1.3,20,0.75,2.65,0.45,20,0.0,3,-2.1499999999999995,-0.4
2006,2006-06-12 15:00:00,Group F,0,Australia,Japan,3.0,1.0,home_win,0.65,2.55,1.05,20,0.45,1.7,1.25,20,0.3,10,1.0499999999999998,0.2
2006,2006-06-12 18:00:00,Group E,0,USA,Czech Republic,0.0,3.0,away_win,0.55,1.45,0.85,20,0.8,2.6,0.7,20,0.0,3,-1.3000000000000003,-0.25
2006,2006-06-12 21:00:00,Group E,0,Italy,Ghana,2.0,0.0,home_win,0.55,1.6,0.7,20,0.45,1.4,0.85,20,1.0,1,0.3500000000000002,0.10000000000000003
2006,2006-06-13 15:00:00,Group G,0,South Korea,Togo,2.0,1.0,home_win,0.5,1.15,0.65,20,0.5,1.3,1.15,20,1.0,1,0.34999999999999976,0.0
2006,2006-06-13 18:00:00,Group G,0,France,Switzerland,0.0,0.0,draw,0.55,1.5,0.45,20,0.45,1.75,0.8,20,0.4,10,0.10000000000000009,0.10000000000000003
2006,2006-06-13 21:00:00,Group F,0,Brazil,Croatia,1.0,0.0,home_win,0.65,2.65,0.75,20,0.4,1.75,1.15,20,0.5,2,1.2999999999999998,0.25
2006,2006-06-14 15:00:00,Group H,0,Spain,Ukraine,4.0,0.0,home_win,0.7,2.15,0.4,20,0.6,1.5,0.55,20,0.6666666666666666,3,0.8,0.09999999999999998
2006,2006-06-14 18:00:00,Group H,0,Tunisia,Saudi Arabia,2.0,2.0,draw,0.55,1.6,0.95,20,0.25,1.2,1.5,20,0.5714285714285714,7,0.9500000000000002,0.30000000000000004
2006,2006-06-14 21:00:00,Group A,0,Germany,Poland,1.0,0.0,home_win,0.55,2.55,1.55,20,0.65,1.7,1.0,20,0.7,10,0.2999999999999998,-0.09999999999999998
2006,2006-06-15 15:00:00,Group A,0,Ecuador,Costa Rica,3.0,0.0,home_win,0.4,1.3,1.1,20,0.35,1.35,1.8,20,0.3333333333333333,9,0.6499999999999999,0.050000000000000044
2006,2006-06-15 18:00:00,Group B,0,England,"rn"">Trinidad and Tobago",2.0,0.0,home_win,0.8,1.9,0.75,20,0.5,1.0,1.0,0,0.5,0,1.15,0.30000000000000004
2006,2006-06-15 21:00:00,Group B,0,Sweden,Paraguay,1.0,0.0,home_win,0.4,1.55,0.8,20,0.4,1.35,1.25,20,0.3333333333333333,3,0.6499999999999999,0.0
2006,2006-06-16 15:00:00,Group C,0,Argentina,"rn"">Serbia and Montenegro",6.0,0.0,home_win,0.55,1.9,1.25,20,0.5,1.0,1.0,0,0.5,0,0.6499999999999999,0.050000000000000044
2006,2006-06-16 18:00:00,Group C,0,Netherlands,C�te d'Ivoire,2.0,1.0,home_win,0.7,1.8,0.55,20,0.5,1.0,1.0,0,0.5,0,1.25,0.19999999999999996
2006,2006-06-16 21:00:00,Group D,0,Mexico,Angola,0.0,0.0,draw,0.6,1.6,1.0,20,0.35,1.3,1.1,20,0.0,1,0.40000000000000013,0.25
2006,2006-06-17 15:00:00,Group D,0,Portugal,Iran,2.0,0.0,home_win,0.75,2.55,0.45,20,0.7,2.15,1.0,20,1.0,2,0.9499999999999997,0.050000000000000044
2006,2006-06-17 18:00:00,Group E,0,Czech Republic,Ghana,0.0,2.0,away_win,0.75,2.55,0.8,20,0.45,1.4,0.85,20,0.0,1,1.1999999999999997,0.3
2006,2006-06-17 21:00:00,Group E,0,Italy,USA,1.0,1.0,draw,0.55,1.65,0.7,20,0.5,1.35,0.85,20,0.5714285714285714,7,0.44999999999999984,0.050000000000000044
2006,2006-06-18 15:00:00,Group F,0,Japan,Croatia,0.0,0.0,draw,0.4,1.65,1.25,20,0.4,1.65,1.05,20,0.3333333333333333,3,-0.19999999999999996,0.0
2006,2006-06-18 18:00:00,Group F,0,Brazil,Australia,2.0,0.0,home_win,0.7,2.75,0.7,20,0.6,2.3,1.1,20,0.6666666666666666,6,0.8500000000000001,0.09999999999999998
2006,2006-06-18 21:00:00,Group G,0,France,South Korea,1.0,1.0,draw,0.5,1.45,0.5,20,0.5,1.2,0.7,20,0.6666666666666666,3,0.44999999999999996,0.0
2006,2006-06-19 15:00:00,Group G,0,Togo,Switzerland,0.0,2.0,away_win,0.5,1.3,1.25,20,0.5,1.85,0.8,20,0.0,1,-1.0,0.0
2006,2006-06-19 18:00:00,Group H,0,Saudi Arabia,Ukraine,0.0,4.0,away_win,0.2,1.05,1.7,20,0.6,1.6,0.5,20,0.0,1,-1.75,-0.39999999999999997
2006,2006-06-19 21:00:00,Group H,0,Spain,Tunisia,3.0,1.0,home_win,0.7,2.2,0.45,20,0.5,1.5,1.05,20,1.0,1,1.3000000000000003,0.19999999999999996
2006,2006-06-20 16:00:00,Group A,0,Ecuador,Germany,0.0,3.0,away_win,0.35,1.05,1.15,20,0.55,2.5,1.5,20,0.0,1,-1.0999999999999999,-0.20000000000000007
2006,2006-06-20 16:00:00,Group A,0,Costa Rica,Poland,1.0,2.0,away_win,0.3,1.25,1.8,20,0.65,1.75,1.05,20,0.0,3,-1.25,-0.35000000000000003
2006,2006-06-20 21:00:00,Group B,0,Sweden,England,2.0,2.0,draw,0.35,1.45,0.85,20,0.75,1.9,0.8,20,0.3,10,-0.4999999999999999,-0.4
2006,2006-06-20 21:00:00,Group B,0,Paraguay,"rn"">Trinidad and Tobago",2.0,0.0,home_win,0.45,1.4,1.2,20,0.5,1.0,1.0,0,0.5,0,0.19999999999999996,-0.04999999999999999
2006,2006-06-21 16:00:00,Group D,0,Iran,Angola,1.0,1.0,draw,0.65,2.05,0.95,20,0.3,1.25,1.1,20,0.0,1,0.95,0.35000000000000003
2006,2006-06-21 16:00:00,Group D,0,Portugal,Mexico,2.0,1.0,home_win,0.8,2.55,0.4,20,0.55,1.6,1.1,20,0.5,2,1.65,0.25
2006,2006-06-21 21:00:00,Group C,0,Netherlands,Argentina,0.0,0.0,draw,0.7,1.7,0.45,20,0.55,1.85,1.2,20,0.5,8,0.5999999999999999,0.1499999999999999
2006,2006-06-21 21:00:00,Group C,0,C�te d'Ivoire,"rn"">Serbia and Montenegro",3.0,2.0,home_win,0.5,1.0,1.0,0,0.5,1.0,1.0,0,0.5,0,0.0,0.0
2006,2006-06-22 16:00:00,Group E,0,Czech Republic,Italy,0.0,2.0,away_win,0.7,2.4,0.9,20,0.55,1.55,0.55,20,0.4,10,0.5,0.1499999999999999
2006,2006-06-22 16:00:00,Group E,0,Ghana,USA,2.0,1.0,home_win,0.5,1.5,0.9,20,0.45,1.3,0.9,20,1.0,1,0.19999999999999996,0.04999999999999999
2006,2006-06-22 21:00:00,Group F,0,Japan,Brazil,1.0,4.0,away_win,0.4,1.6,1.35,20,0.7,2.6,0.7,20,0.0,8,-1.6500000000000001,-0.29999999999999993
2006,2006-06-22 21:00:00,Group F,0,Croatia,Australia,2.0,2.0,draw,0.4,1.75,1.1,20,0.55,2.1,1.2,20,0.2,5,-0.2500000000000002,-0.15000000000000002
2006,2006-06-23 16:00:00,Group H,0,Ukraine,Tunisia,1.0,0.0,home_win,0.65,1.6,0.45,20,0.45,1.4,1.1,20,1.0,1,0.8500000000000003,0.2
2006,2006-06-23 16:00:00,Group H,0,Saudi Arabia,Spain,0.0,1.0,away_win,0.15,1.0,1.75,20,0.75,2.25,0.45,20,0.0,1,-2.55,-0.6
2006,2006-06-23 21:00:00,Group G,0,Togo,France,0.0,2.0,away_win,0.45,1.2,1.35,20,0.55,1.55,0.5,20,0.0,1,-1.2000000000000002,-0.10000000000000003
2006,2006-06-23 21:00:00,Group G,0,Switzerland,South Korea,2.0,0.0,home_win,0.5,1.65,0.8,20,0.5,1.2,0.75,20,1.0,1,0.3999999999999999,0.0
2006,2006-06-24 17:00:00,Round of 16,1,Germany,Sweden,2.0,0.0,home_win,0.6,2.5,1.4,20,0.35,1.4,0.9,20,0.6,10,0.6000000000000002,0.25
2006,2006-06-24 21:00:00,Round of 16,1,Argentina,Mexico,2.0,1.0,home_win,0.55,1.85,1.2,20,0.55,1.6,1.1,20,0.5,10,0.15000000000000013,0.0
2006,2006-06-25 17:00:00,Round of 16,1,England,Ecuador,1.0,0.0,home_win,0.75,1.85,0.8,20,0.35,0.95,1.1,20,1.0,2,1.2000000000000002,0.4
2006,2006-06-25 21:00:00,Round of 16,1,Portugal,Netherlands,1.0,0.0,home_win,0.8,2.25,0.35,20,0.65,1.55,0.45,20,0.6,10,0.7999999999999998,0.15000000000000002
2006,2006-06-26 17:00:00,Round of 16,1,Italy,Australia,1.0,0.0,home_win,0.55,1.55,0.55,20,0.55,2.0,1.15,20,1.0,1,0.1499999999999999,0.0
2006,2006-06-26 21:00:00,Round of 16,1,Switzerland,Ukraine,0.0,0.0,draw,0.5,1.6,0.75,20,0.6,1.5,0.45,20,0.0,1,-0.19999999999999996,-0.09999999999999998
2006,2006-06-27 17:00:00,Round of 16,1,Brazil,Ghana,3.0,0.0,home_win,0.7,2.7,0.7,20,0.5,1.4,0.95,20,1.0,2,1.55,0.19999999999999996
2006,2006-06-27 21:00:00,Round of 16,1,Spain,France,1.0,3.0,away_win,0.7,2.25,0.6,20,0.55,1.6,0.55,20,0.1,10,0.5999999999999999,0.1499999999999999
2006,2006-06-30 17:00:00,Quarter-finals,1,Germany,Argentina,1.0,1.0,draw,0.55,2.35,1.3,20,0.5,1.85,1.25,20,0.2,10,0.44999999999999996,0.050000000000000044
2006,2006-06-30 21:00:00,Quarter-finals,1,Italy,Ukraine,3.0,0.0,home_win,0.55,1.6,0.55,20,0.55,1.35,0.6,20,0.75,4,0.29999999999999993,0.0
2006,2006-07-01 17:00:00,Quarter-finals,1,England,Portugal,0.0,0.0,draw,0.7,1.8,0.8,20,0.75,2.0,0.35,20,0.1,10,-0.6499999999999999,-0.050000000000000044
2006,2006-07-01 21:00:00,Quarter-finals,1,Brazil,France,0.0,1.0,away_win,0.7,2.65,0.7,20,0.6,1.65,0.55,20,0.2,10,0.8500000000000001,0.09999999999999998
2006,2006-07-04 21:00:00,Semi-finals,1,Germany,Italy,0.0,2.0,away_win,0.5,2.2,1.4,20,0.55,1.6,0.55,20,0.3,10,-0.24999999999999978,-0.050000000000000044
2006,2006-07-05 21:00:00,Semi-finals,1,Portugal,France,0.0,1.0,away_win,0.75,2.0,0.35,20,0.65,1.65,0.5,20,0.2,10,0.5,0.09999999999999998
2006,2006-07-08 21:00:00,Third place,1,Germany,Portugal,3.0,1.0,home_win,0.55,2.25,1.35,20,0.7,1.85,0.45,20,0.3,10,-0.5000000000000002,-0.1499999999999999
2006,2006-07-09 20:00:00,Final,1,Italy,France,1.0,1.0,draw,0.55,1.65,0.6,20,0.65,1.7,0.55,20,0.1,10,-0.10000000000000009,-0.09999999999999998
2010,2010-06-11 16:00:00,Group A,0,South Africa,Mexico,1.0,1.0,draw,0.4,1.25,0.5,20,0.65,2.0,0.75,20,0.25,4,-0.5,-0.25
2010,2010-06-11 20:30:00,Group A,0,Uruguay,France,0.0,0.0,draw,0.4,1.25,1.0,20,0.45,1.2,0.75,20,0.3333333333333333,6,-0.19999999999999996,-0.04999999999999999
2010,2010-06-12 13:30:00,Group B,0,South Korea,Greece,2.0,0.0,home_win,0.6,1.5,0.65,20,0.4,1.35,1.1,20,0.6666666666666666,3,0.6,0.19999999999999996
2010,2010-06-12 16:00:00,Group B,0,Argentina,Nigeria,1.0,0.0,home_win,0.7,1.95,1.25,20,0.45,1.3,0.7,20,0.75,4,0.09999999999999987,0.24999999999999994
2010,2010-06-12 20:30:00,Group C,0,England,USA,1.0,1.0,draw,0.75,2.65,0.85,20,0.5,1.7,1.6,20,0.7,10,1.7,0.25
2010,2010-06-13 13:30:00,Group C,0,Algeria,Slovenia,0.0,1.0,away_win,0.5,0.95,1.15,20,0.5,1.7,1.0,20,0.0,1,-0.8999999999999999,0.0
2010,2010-06-13 16:00:00,Group D,0,Serbia,Ghana,0.0,1.0,away_win,0.65,1.9,0.7,20,0.5,1.25,1.05,20,0.5,2,1.0,0.15000000000000002
2010,2010-06-13 20:30:00,Group D,0,Germany,Australia,4.0,0.0,home_win,0.65,2.3,0.75,20,0.55,1.25,0.8,20,1.0,3,1.0999999999999999,0.09999999999999998
2010,2010-06-14 13:30:00,Group E,0,Netherlands,Denmark,2.0,0.0,home_win,0.75,2.1,0.5,20,0.4,1.2,0.8,20,0.4,10,1.2000000000000002,0.35
2010,2010-06-14 16:00:00,Group E,0,Japan,Cameroon,1.0,0.0,home_win,0.45,1.7,1.15,20,0.35,1.3,1.1,20,0.75,4,0.3500000000000001,0.10000000000000003
2010,2010-06-14 20:30:00,Group F,0,Italy,Paraguay,1.0,1.0,draw,0.4,1.35,1.0,20,0.35,0.85,1.05,20,0.6666666666666666,3,0.5500000000000002,0.050000000000000044
2010,2010-06-15 13:30:00,Group F,0,New Zealand,Slovakia,1.0,1.0,draw,0.35,1.25,1.5,20,0.45,1.8,1.25,20,0.0,1,-0.8,-0.10000000000000003
2010,2010-06-15 16:00:00,Group G,0,C�te d'Ivoire,Portugal,0.0,0.0,draw,0.5,1.0,1.0,0,0.6,1.45,0.45,20,0.5,0,-1.0,-0.09999999999999998
2010,2010-06-15 20:30:00,Group G,0,Brazil,North Korea,2.0,1.0,home_win,0.85,2.4,0.7,20,0.3,1.85,1.05,20,1.0,1,0.8999999999999999,0.55
2010,2010-06-16 13:30:00,Group H,0,Honduras,Chile,0.0,1.0,away_win,0.45,1.35,1.1,20,0.65,1.7,0.9,20,0.3333333333333333,6,-0.5499999999999999,-0.2
2010,2010-06-16 16:00:00,Group H,0,Spain,Switzerland,0.0,1.0,away_win,0.9,2.85,0.75,20,0.5,1.45,0.8,20,0.8,10,1.4500000000000002,0.4
2010,2010-06-16 20:30:00,Group A,0,South Africa,Uruguay,0.0,3.0,away_win,0.4,1.25,0.6,20,0.4,1.35,1.0,20,0.0,3,0.29999999999999993,0.0
2010,2010-06-17 13:30:00,Group B,0,Argentina,South Korea,4.0,1.0,home_win,0.7,2.05,1.3,20,0.55,1.45,0.85,20,1.0,3,0.1499999999999998,0.1499999999999999
2010,2010-06-17 16:00:00,Group B,0,Greece,Nigeria,2.0,1.0,home_win,0.4,1.35,1.15,20,0.45,1.35,0.8,20,0.6666666666666666,3,-0.34999999999999987,-0.04999999999999999
2010,2010-06-17 20:30:00,Group A,0,France,Mexico,0.0,2.0,away_win,0.45,1.1,0.75,20,0.65,1.85,0.75,20,0.7142857142857143,7,-0.75,-0.2
2010,2010-06-18 13:30:00,Group D,0,Germany,Serbia,0.0,1.0,away_win,0.65,2.15,0.65,20,0.65,1.65,0.65,20,0.6,10,0.5000000000000001,0.0
2010,2010-06-18 16:00:00,Group C,0,Slovenia,USA,2.0,2.0,draw,0.5,1.8,1.05,20,0.45,1.6,1.7,20,0.0,1,0.8499999999999999,0.04999999999999999
2010,2010-06-18 20:30:00,Group C,0,England,Algeria,0.0,0.0,draw,0.7,2.55,0.85,20,0.5,0.9,1.1,20,0.0,1,1.9,0.19999999999999996
2010,2010-06-19 13:30:00,Group E,0,Netherlands,Japan,1.0,0.0,home_win,0.75,2.05,0.45,20,0.45,1.65,1.15,20,1.0,2,1.0999999999999999,0.3
2010,2010-06-19 16:00:00,Group D,0,Ghana,Australia,1.0,1.0,draw,0.45,1.2,1.05,20,0.5,1.1,0.85,20,0.14285714285714285,7,-0.1000000000000002,-0.04999999999999999
2010,2010-06-19 20:30:00,Group E,0,Cameroon,Denmark,1.0,2.0,away_win,0.35,1.35,1.15,20,0.45,1.3,0.85,20,0.3333333333333333,3,-0.2499999999999999,-0.10000000000000003
2010,2010-06-20 13:30:00,Group F,0,Slovakia,Paraguay,0.0,2.0,away_win,0.45,1.75,1.25,20,0.35,0.9,1.05,20,0.0,1,0.65,0.10000000000000003
2010,2010-06-20 16:00:00,Group F,0,Italy,New Zealand,1.0,1.0,draw,0.4,1.35,1.0,20,0.3,1.2,1.5,20,0.5,2,0.6500000000000001,0.10000000000000003
2010,2010-06-20 20:30:00,Group G,0,Brazil,C�te d'Ivoire,3.0,1.0,home_win,0.9,2.5,0.7,20,0.5,1.0,1.0,0,0.5,0,1.8,0.4
2010,2010-06-21 13:30:00,Group G,0,Portugal,North Korea,7.0,0.0,home_win,0.65,1.8,0.45,20,0.3,1.85,1.4,20,1.0,2,0.8999999999999999,0.35000000000000003
2010,2010-06-21 16:00:00,Group H,0,Chile,Switzerland,1.0,0.0,home_win,0.7,1.75,0.9,20,0.45,1.35,0.85,20,0.5,4,0.34999999999999987,0.24999999999999994
2010,2010-06-21 20:30:00,Group H,0,Spain,Honduras,2.0,0.0,home_win,0.9,2.9,0.75,20,0.4,1.25,1.2,20,0.5,2,2.0999999999999996,0.5
2010,2010-06-22 16:00:00,Group A,0,Mexico,Uruguay,0.0,1.0,away_win,0.6,1.75,0.75,20,0.45,1.4,1.0,20,0.4,10,0.6000000000000001,0.14999999999999997
2010,2010-06-22 16:00:00,Group A,0,France,South Africa,1.0,2.0,away_win,0.4,1.0,0.8,20,0.4,1.3,0.65,20,0.5,4,-0.45000000000000007,0.0
2010,2010-06-22 20:30:00,Group B,0,Nigeria,South Korea,2.0,2.0,draw,0.45,1.45,0.9,20,0.55,1.55,0.95,20,0.0,4,-0.050000000000000155,-0.10000000000000003
2010,2010-06-22 20:30:00,Group B,0,Greece,Argentina,0.0,2.0,away_win,0.35,1.2,1.25,20,0.7,1.95,1.3,20,0.0,2,-0.7,-0.35
2010,2010-06-23 16:00:00,Group C,0,Slovenia,England,0.0,1.0,away_win,0.5,1.7,0.95,20,0.7,2.4,0.8,20,0.0,2,-0.8499999999999999,-0.19999999999999996
2010,2010-06-23 16:00:00,Group C,0,USA,Algeria,1.0,0.0,home_win,0.45,1.55,1.7,20,0.45,0.8,1.1,20,1.0,1,0.15000000000000013,0.0
2010,2010-06-23 20:30:00,Group D,0,Ghana,Germany,0.0,1.0,away_win,0.4,1.1,1.1,20,0.65,2.1,0.6,20,0.0,2,-1.5,-0.25
2010,2010-06-23 20:30:00,Group D,0,Australia,Serbia,2.0,1.0,home_win,0.5,1.15,0.9,20,0.65,1.7,0.7,20,1.0,1,-0.7500000000000001,-0.15000000000000002
2010,2010-06-24 16:00:00,Group F,0,Slovakia,Italy,3.0,2.0,home_win,0.45,1.75,1.3,20,0.4,1.45,1.05,20,0.5,2,0.050000000000000044,0.04999999999999999
2010,2010-06-24 16:00:00,Group F,0,Paraguay,New Zealand,0.0,0.0,draw,0.3,0.85,1.05,20,0.25,1.0,1.45,20,0.5,2,0.2499999999999999,0.04999999999999999
2010,2010-06-24 20:30:00,Group E,0,Denmark,Japan,1.0,3.0,away_win,0.4,1.2,0.9,20,0.5,1.75,1.1,20,0.5,2,-0.35,-0.09999999999999998
2010,2010-06-24 20:30:00,Group E,0,Cameroon,Netherlands,1.0,2.0,away_win,0.35,1.4,1.25,20,0.75,2.05,0.5,20,0.0,3,-1.4,-0.4
2010,2010-06-25 16:00:00,Group G,0,Portugal,Brazil,0.0,0.0,draw,0.65,1.8,0.45,20,0.85,2.35,0.7,20,0.2,10,-0.30000000000000004,-0.19999999999999996
2010,2010-06-25 16:00:00,Group G,0,North Korea,C�te d'Ivoire,0.0,3.0,away_win,0.25,1.4,1.45,20,0.5,1.0,1.0,0,0.5,0,-0.050000000000000044,-0.25
2010,2010-06-25 20:30:00,Group H,0,Chile,Spain,1.0,2.0,away_win,0.7,1.8,0.8,20,0.9,2.9,0.75,20,0.0,8,-1.15,-0.20000000000000007
2010,2010-06-25 20:30:00,Group H,0,Switzerland,Honduras,0.0,0.0,draw,0.4,1.15,0.8,20,0.35,1.2,1.2,20,0.0,1,0.34999999999999987,0.050000000000000044
2010,2010-06-26 16:00:00,Round of 16,1,Uruguay,South Korea,2.0,1.0,home_win,0.5,1.45,0.95,20,0.55,1.55,1.0,20,0.8333333333333334,6,-0.050000000000000044,-0.050000000000000044
2010,2010-06-26 20:30:00,Round of 16,1,USA,Ghana,1.0,2.0,away_win,0.45,1.5,1.7,20,0.4,1.1,1.15,20,0.0,2,-0.15000000000000013,0.04999999999999999
2010,2010-06-27 16:00:00,Round of 16,1,Germany,England,4.0,1.0,home_win,0.65,2.25,0.65,20,0.65,2.2,0.95,20,0.5,10,0.34999999999999987,0.0
2010,2010-06-27 20:30:00,Round of 16,1,Argentina,Mexico,3.0,1.0,home_win,0.75,2.05,1.05,20,0.55,1.65,0.9,20,0.6,10,0.2499999999999999,0.19999999999999996
2010,2010-06-28 16:00:00,Round of 16,1,Netherlands,Slovakia,2.0,1.0,home_win,0.75,2.1,0.55,20,0.4,1.7,1.35,20,1.0,1,1.2000000000000002,0.35
2010,2010-06-28 20:30:00,Round of 16,1,Brazil,Chile,3.0,0.0,home_win,0.85,2.3,0.7,20,0.7,1.75,0.9,20,0.9,10,0.7499999999999999,0.15000000000000002
2010,2010-06-29 16:00:00,Round of 16,1,Paraguay,Japan,0.0,0.0,draw,0.3,0.85,0.95,20,0.5,1.75,0.95,20,0.2857142857142857,7,-0.9,-0.2
2010,2010-06-29 20:30:00,Round of 16,1,Spain,Portugal,1.0,0.0,home_win,0.9,2.65,0.75,20,0.65,1.7,0.2,20,0.2,10,0.3999999999999999,0.25
2010,2010-07-02 16:00:00,Quarter-finals,1,Netherlands,Brazil,2.0,1.0,home_win,0.75,2.05,0.55,20,0.8,2.25,0.75,20,0.3,10,-2.220446049250313e-16,-0.050000000000000044
2010,2010-07-02 20:30:00,Quarter-finals,1,Uruguay,Ghana,1.0,1.0,draw,0.5,1.4,0.9,20,0.35,0.95,1.15,20,0.0,1,0.6999999999999998,0.15000000000000002
2010,2010-07-03 16:00:00,Quarter-finals,1,Argentina,Germany,0.0,4.0,away_win,0.7,1.9,1.2,20,0.7,2.4,0.55,20,0.4,10,-1.15,0.0
2010,2010-07-03 20:30:00,Quarter-finals,1,Paraguay,Spain,0.0,1.0,away_win,0.3,0.8,0.95,20,0.9,2.45,0.75,20,0.0,4,-1.85,-0.6000000000000001
2010,2010-07-06 20:30:00,Semi-finals,1,Uruguay,Netherlands,2.0,3.0,away_win,0.5,1.5,1.05,20,0.8,2.15,0.6,20,0.6,5,-1.0999999999999999,-0.30000000000000004
2010,2010-07-07 20:30:00,Semi-finals,1,Germany,Spain,0.0,1.0,away_win,0.7,2.4,0.55,20,0.9,2.45,0.75,20,0.3,10,0.1499999999999997,-0.20000000000000007
2010,2010-07-10 20:30:00,Match for third place,1,Uruguay,Germany,2.0,3.0,away_win,0.45,1.45,1.1,20,0.7,2.35,0.65,20,0.1,10,-1.3500000000000003,-0.24999999999999994
2010,2010-07-11 20:30:00,Final,1,Netherlands,Spain,0.0,1.0,away_win,0.75,2.0,0.65,20,0.9,2.4,0.75,20,0.4,10,-0.2999999999999998,-0.15000000000000002
2014,2014-06-12 17:00:00,Group A,0,Brazil,Croatia,3.0,1.0,home_win,0.85,2.9,0.55,20,0.55,1.45,0.95,20,0.6666666666666666,3,1.8499999999999996,0.29999999999999993
2014,2014-06-13 13:00:00,Group A,0,Mexico,Cameroon,1.0,0.0,home_win,0.55,1.8,1.2,20,0.35,1.05,1.05,20,1.0,2,0.6000000000000001,0.20000000000000007
2014,2014-06-13 16:00:00,Group B,0,Spain,Netherlands,1.0,5.0,away_win,0.7,1.95,0.8,20,0.6,2.3,0.6,20,0.4,10,-0.5499999999999998,0.09999999999999998
2014,2014-06-13 18:00:00,Group B,0,Chile,Australia,3.0,1.0,home_win,0.55,2.15,1.2,20,0.35,2.15,1.75,20,0.75,4,0.55,0.20000000000000007
2014,2014-06-14 13:00:00,Group C,0,Colombia,Greece,3.0,0.0,home_win,0.6,1.9,0.6,20,0.6,1.05,0.6,20,1.0,2,0.8499999999999998,0.0
2014,2014-06-14 16:00:00,Group D,0,Uruguay,Costa Rica,1.0,3.0,away_win,0.55,1.9,1.0,20,0.5,1.25,0.85,20,0.625,8,0.4999999999999999,0.050000000000000044
2014,2014-06-14 18:00:00,Group D,0,England,Italy,1.0,2.0,away_win,0.45,2.1,1.0,20,0.35,1.6,1.25,20,0.2,10,0.75,0.10000000000000003
2014,2014-06-14 22:00:00,Group C,0,C�te d'Ivoire,Japan,2.0,1.0,home_win,0.5,1.0,1.0,0,0.5,2.0,1.8,20,0.5,0,-0.19999999999999996,0.0
2014,2014-06-15 13:00:00,Group E,0,Switzerland,Ecuador,2.0,1.0,home_win,0.65,1.6,0.75,20,0.3,1.65,1.5,20,1.0,1,0.7000000000000002,0.35000000000000003
2014,2014-06-15 16:00:00,Group E,0,France,Honduras,3.0,0.0,home_win,0.5,2.05,0.8,20,0.3,1.0,1.6,20,1.0,1,1.8499999999999999,0.2
2014,2014-06-15 19:00:00,Group F,0,Argentina,"rn"">Bosnia and Herzegovina",2.0,1.0,home_win,0.65,2.0,0.7,20,0.5,1.0,1.0,0,0.5,0,1.3,0.15000000000000002
2014,2014-06-16 13:00:00,Group G,0,Germany,Portugal,4.0,0.0,home_win,0.65,2.9,1.15,20,0.5,1.85,1.25,20,0.5,10,1.15,0.15000000000000002
2014,2014-06-16 16:00:00,Group F,0,Iran,Nigeria,0.0,0.0,draw,0.5,1.55,0.65,20,0.45,1.6,1.0,20,0.0,2,0.29999999999999993,0.04999999999999999
2014,2014-06-16 19:00:00,Group G,0,Ghana,USA,1.0,2.0,away_win,0.5,1.85,1.05,20,0.8,2.15,0.9,20,0.6666666666666666,3,-0.44999999999999996,-0.30000000000000004
2014,2014-06-17 13:00:00,Group H,0,Belgium,Algeria,2.0,1.0,home_win,0.65,1.85,0.9,20,0.6,1.45,0.85,20,0.6666666666666666,3,0.3500000000000001,0.050000000000000044
2014,2014-06-17 16:00:00,Group A,0,Brazil,Mexico,0.0,0.0,draw,0.8,2.7,0.55,20,0.55,1.75,1.1,20,0.4,10,1.5000000000000004,0.25
2014,2014-06-17 18:00:00,Group H,0,Russia,South Korea,1.0,1.0,draw,0.6,1.75,0.6,20,0.3,0.9,1.25,20,0.5,2,1.5,0.3
2014,2014-06-18 13:00:00,Group B,0,Australia,Netherlands,2.0,3.0,away_win,0.3,2.2,1.9,20,0.6,2.3,0.7,20,0.25,4,-1.2999999999999996,-0.3
2014,2014-06-18 16:00:00,Group B,0,Spain,Chile,0.0,2.0,away_win,0.7,1.9,0.85,20,0.6,2.2,1.05,20,0.7,10,-0.10000000000000031,0.09999999999999998
2014,2014-06-18 18:00:00,Group A,0,Cameroon,Croatia,0.0,4.0,away_win,0.35,0.95,1.15,20,0.55,1.6,0.95,20,0.0,1,-0.8500000000000001,-0.20000000000000007
2014,2014-06-19 13:00:00,Group C,0,Colombia,C�te d'Ivoire,2.0,1.0,home_win,0.6,1.8,0.65,20,0.5,1.0,1.0,0,0.5,0,1.15,0.09999999999999998
2014,2014-06-19 16:00:00,Group D,0,Uruguay,England,2.0,1.0,home_win,0.6,1.95,1.0,20,0.4,1.9,1.1,20,0.4,10,0.15000000000000013,0.19999999999999996
2014,2014-06-19 19:00:00,Group C,0,Japan,Greece,0.0,0.0,draw,0.5,1.95,1.75,20,0.55,0.95,0.55,20,0.5,2,-0.19999999999999996,-0.050000000000000044
2014,2014-06-20 13:00:00,Group D,0,Italy,Costa Rica,0.0,1.0,away_win,0.3,1.5,1.3,20,0.5,1.2,0.85,20,0.5,2,-0.15000000000000002,-0.2
2014,2014-06-20 16:00:00,Group E,0,Switzerland,France,2.0,5.0,away_win,0.65,1.7,0.95,20,0.55,2.3,0.85,20,0.2,10,-0.6999999999999997,0.09999999999999998
2014,2014-06-20 19:00:00,Group E,0,Honduras,Ecuador,1.0,2.0,away_win,0.3,0.95,1.6,20,0.3,1.6,1.5,20,0.2,10,-0.7500000000000002,0.0
2014,2014-06-21 13:00:00,Group F,0,Argentina,Iran,1.0,0.0,home_win,0.65,1.9,0.7,20,0.5,1.55,0.65,20,0.5,2,0.29999999999999993,0.15000000000000002
2014,2014-06-21 16:00:00,Group G,0,Germany,Ghana,2.0,2.0,draw,0.6,2.7,1.2,20,0.45,1.8,1.15,20,0.6666666666666666,3,0.8500000000000001,0.14999999999999997
2014,2014-06-21 18:00:00,Group F,0,Nigeria,"rn"">Bosnia and Herzegovina",1.0,0.0,home_win,0.45,1.6,1.0,20,0.5,1.0,1.0,0,0.5,0,0.6000000000000001,-0.04999999999999999
2014,2014-06-22 13:00:00,Group H,0,Belgium,Russia,1.0,0.0,home_win,0.7,1.85,0.85,20,0.55,1.65,0.65,20,0.4444444444444444,9,1.1102230246251565e-16,0.1499999999999999
2014,2014-06-22 16:00:00,Group H,0,South Korea,Algeria,2.0,4.0,away_win,0.3,0.95,1.4,20,0.6,1.6,0.95,20,0.3333333333333333,3,-1.1,-0.3
2014,2014-06-22 18:00:00,Group G,0,USA,Portugal,2.0,2.0,draw,0.75,2.15,1.0,20,0.5,1.95,1.3,20,0.3333333333333333,6,0.5,0.25
2014,2014-06-23 13:00:00,Group B,0,Australia,Spain,0.0,3.0,away_win,0.3,2.15,2.0,20,0.7,2.0,0.85,20,0.0,1,-1.0,-0.39999999999999997
2014,2014-06-23 13:00:00,Group B,0,Netherlands,Chile,2.0,0.0,home_win,0.6,2.2,0.65,20,0.6,2.15,1.05,20,0.5,2,0.4500000000000004,0.0
2014,2014-06-23 17:00:00,Group A,0,Cameroon,Brazil,1.0,4.0,away_win,0.35,1.0,1.25,20,0.85,2.8,0.5,20,0.2,5,-2.55,-0.5
2014,2014-06-23 17:00:00,Group A,0,Croatia,Mexico,1.0,3.0,away_win,0.55,1.6,1.05,20,0.6,1.9,1.05,20,0.5,4,-0.2999999999999998,-0.04999999999999993
2014,2014-06-24 13:00:00,Group D,0,Italy,Uruguay,0.0,1.0,away_win,0.25,1.3,1.35,20,0.65,2.0,0.9,20,0.2,10,-1.1500000000000001,-0.4
2014,2014-06-24 13:00:00,Group D,0,Costa Rica,England,0.0,0.0,draw,0.45,1.15,0.85,20,0.4,1.85,1.05,20,0.0,1,-0.5000000000000001,0.04999999999999999
2014,2014-06-24 16:00:00,Group C,0,Japan,Colombia,1.0,4.0,away_win,0.45,1.95,1.95,20,0.6,1.85,0.65,20,0.0,3,-1.2000000000000002,-0.14999999999999997
2014,2014-06-24 17:00:00,Group C,0,Greece,C�te d'Ivoire,2.0,1.0,home_win,0.55,0.95,0.6,20,0.5,1.0,1.0,0,0.5,0,0.35,0.050000000000000044
2014,2014-06-25 13:00:00,Group F,0,Nigeria,Argentina,2.0,3.0,away_win,0.45,1.65,1.1,20,0.65,1.95,0.75,20,0.14285714285714285,7,-0.6500000000000001,-0.2
2014,2014-06-25 13:00:00,Group F,0,"rn"">Bosnia and Herzegovina",Iran,3.0,1.0,home_win,0.5,1.0,1.0,0,0.5,1.6,0.8,20,0.5,0,-0.8,0.0
2014,2014-06-25 16:00:00,Group E,0,Honduras,Switzerland,0.0,3.0,away_win,0.3,0.95,1.65,20,0.65,1.65,0.85,20,0.0,2,-1.5,-0.35000000000000003
2014,2014-06-25 17:00:00,Group E,0,Ecuador,France,0.0,0.0,draw,0.3,1.55,1.45,20,0.55,2.25,0.8,20,0.0,2,-1.3499999999999999,-0.25000000000000006
2014,2014-06-26 13:00:00,Group G,0,USA,Germany,0.0,1.0,away_win,0.7,2.1,1.05,20,0.65,2.55,1.0,20,0.3,10,-0.4999999999999998,0.04999999999999993
2014,2014-06-26 13:00:00,Group G,0,Portugal,Ghana,2.0,1.0,home_win,0.55,2.0,1.3,20,0.4,1.75,1.25,20,1.0,1,0.19999999999999996,0.15000000000000002
2014,2014-06-26 17:00:00,Group H,0,South Korea,Belgium,0.0,1.0,away_win,0.25,0.9,1.45,20,0.7,1.75,0.85,20,0.0,4,-1.45,-0.44999999999999996
2014,2014-06-26 17:00:00,Group H,0,Algeria,Russia,1.0,1.0,draw,0.55,1.55,1.0,20,0.5,1.5,0.7,20,0.0,2,-0.25,0.050000000000000044
2014,2014-06-28 13:00:00,Round of 16,1,Brazil,Chile,1.0,1.0,draw,0.85,2.75,0.45,20,0.6,2.15,0.95,20,0.8,10,1.0999999999999999,0.25
2014,2014-06-28 17:00:00,Round of 16,1,Colombia,Uruguay,2.0,0.0,home_win,0.6,1.85,0.65,20,0.6,1.95,1.0,20,0.3,10,0.2500000000000002,0.0
2014,2014-06-30 13:00:00,Round of 16,1,France,Nigeria,2.0,0.0,home_win,0.55,2.25,0.75,20,0.45,1.55,1.1,20,0.5,2,1.05,0.10000000000000003
2014,2014-06-30 17:00:00,Round of 16,1,Germany,Algeria,2.0,1.0,home_win,0.7,2.65,1.05,20,0.55,1.6,1.05,20,0.3333333333333333,3,1.0499999999999998,0.1499999999999999
2014,2014-07-04 17:00:00,Quarter-finals,1,Brazil,Colombia,2.0,1.0,home_win,0.85,2.7,0.5,20,0.55,1.75,0.75,20,0.5,10,1.2000000000000002,0.29999999999999993
2014,2014-07-04 13:00:00,Quarter-finals,1,France,Germany,0.0,1.0,away_win,0.55,2.2,0.7,20,0.7,2.6,1.0,20,0.5,10,-0.09999999999999987,-0.1499999999999999
2014,2014-07-08 17:00:00,Semi-finals,1,Brazil,Germany,1.0,7.0,away_win,0.8,2.6,0.85,20,0.7,2.8,1.05,20,0.5,10,2.220446049250313e-16,0.10000000000000009
2014,2014-07-12 17:00:00,Play-off for third place,1,Brazil,Netherlands,0.0,3.0,away_win,0.75,2.5,1.0,20,0.6,2.05,0.65,20,0.3,10,0.10000000000000009,0.15000000000000002
2014,2014-07-13 16:00:00,Final,1,Germany,Argentina,1.0,0.0,home_win,0.7,2.65,1.0,20,0.6,1.65,0.65,20,0.3,10,0.65,0.09999999999999998
2014,2014-07-09 17:00:00,Semi-finals,1,Netherlands,Argentina,0.0,0.0,draw,0.6,2.1,0.65,20,0.65,1.8,0.6,20,0.4444444444444444,9,0.25,-0.050000000000000044
2014,2014-07-05 17:00:00,Quarter-finals,1,Netherlands,Costa Rica,0.0,0.0,draw,0.65,2.25,0.65,20,0.4,1.15,0.9,20,0.0,1,1.35,0.25
2014,2014-07-05 13:00:00,Quarter-finals,1,Argentina,Belgium,1.0,0.0,home_win,0.7,1.95,0.7,20,0.7,1.7,0.85,20,0.8,5,0.4,0.0
2014,2014-06-29 13:00:00,Round of 16,1,Netherlands,Mexico,2.0,1.0,home_win,0.65,2.3,0.7,20,0.55,1.85,1.1,20,0.5714285714285714,7,0.8499999999999999,0.09999999999999998
2014,2014-06-29 17:00:00,Round of 16,1,Costa Rica,Greece,1.0,1.0,draw,0.4,1.15,0.9,20,0.55,1.0,0.65,20,0.0,1,-0.10000000000000009,-0.15000000000000002
2014,2014-07-01 13:00:00,Round of 16,1,Argentina,Switzerland,1.0,0.0,home_win,0.7,2.0,0.75,20,0.6,1.55,0.9,20,0.7142857142857143,7,0.6,0.09999999999999998
2014,2014-07-01 17:00:00,Round of 16,1,Belgium,USA,2.0,1.0,home_win,0.7,1.75,0.9,20,0.65,1.85,1.1,20,0.8571428571428571,7,0.09999999999999998,0.04999999999999993
2014,2014-06-28 13:00:00,Round of 16,1,Brazil,Chile,1.0,1.0,draw,0.85,2.75,0.45,20,0.6,2.15,0.95,20,0.8,10,1.0999999999999999,0.25
2014,2014-06-28 17:00:00,Round of 16,1,Colombia,Uruguay,2.0,0.0,home_win,0.6,1.85,0.65,20,0.6,1.95,1.0,20,0.3,10,0.2500000000000002,0.0
2014,2014-06-29 13:00:00,Round of 16,1,Netherlands,Mexico,2.0,1.0,home_win,0.65,2.3,0.7,20,0.55,1.85,1.1,20,0.5714285714285714,7,0.8499999999999999,0.09999999999999998
2014,2014-06-29 17:00:00,Round of 16,1,Costa Rica,Greece,1.0,1.0,draw,0.4,1.15,0.9,20,0.55,1.0,0.65,20,0.0,1,-0.10000000000000009,-0.15000000000000002
2014,2014-06-30 13:00:00,Round of 16,1,France,Nigeria,2.0,0.0,home_win,0.55,2.25,0.75,20,0.45,1.55,1.1,20,0.5,2,1.05,0.10000000000000003
2014,2014-06-30 17:00:00,Round of 16,1,Germany,Algeria,2.0,1.0,home_win,0.7,2.65,1.05,20,0.55,1.6,1.05,20,0.3333333333333333,3,1.0499999999999998,0.1499999999999999
2014,2014-07-01 13:00:00,Round of 16,1,Argentina,Switzerland,1.0,0.0,home_win,0.7,2.0,0.75,20,0.6,1.55,0.9,20,0.7142857142857143,7,0.6,0.09999999999999998
2014,2014-07-01 17:00:00,Round of 16,1,Belgium,USA,2.0,1.0,home_win,0.7,1.75,0.9,20,0.65,1.85,1.1,20,0.8571428571428571,7,0.09999999999999998,0.04999999999999993
2014,2014-07-04 13:00:00,Quarter-finals,1,France,Germany,0.0,1.0,away_win,0.55,2.2,0.7,20,0.7,2.6,1.0,20,0.5,10,-0.09999999999999987,-0.1499999999999999
2014,2014-07-04 17:00:00,Quarter-finals,1,Brazil,Colombia,2.0,1.0,home_win,0.85,2.7,0.5,20,0.55,1.75,0.75,20,0.5,10,1.2000000000000002,0.29999999999999993
2014,2014-07-05 13:00:00,Quarter-finals,1,Argentina,Belgium,1.0,0.0,home_win,0.7,1.95,0.7,20,0.7,1.7,0.85,20,0.8,5,0.4,0.0
2014,2014-07-05 17:00:00,Quarter-finals,1,Netherlands,Costa Rica,0.0,0.0,draw,0.65,2.25,0.65,20,0.4,1.15,0.9,20,0.0,1,1.35,0.25
2014,2014-07-08 17:00:00,Semi-finals,1,Brazil,Germany,1.0,7.0,away_win,0.8,2.6,0.85,20,0.7,2.8,1.05,20,0.5,10,2.220446049250313e-16,0.10000000000000009
2014,2014-07-09 17:00:00,Semi-finals,1,Netherlands,Argentina,0.0,0.0,draw,0.6,2.1,0.65,20,0.65,1.8,0.6,20,0.4444444444444444,9,0.25,-0.050000000000000044
2014,2014-07-12 17:00:00,Play-off for third place,1,Brazil,Netherlands,0.0,3.0,away_win,0.75,2.5,1.0,20,0.6,2.05,0.65,20,0.3,10,0.10000000000000009,0.15000000000000002
2014,2014-07-13 16:00:00,Final,1,Germany,Argentina,1.0,0.0,home_win,0.7,2.65,1.0,20,0.6,1.65,0.65,20,0.3,10,0.65,0.09999999999999998
